"Part";"Value";"Device";"Package";"Description";"AVAILABILITY";"BOM";"CUI_PURCHASE_URL";"DESCRIPTION";"MANUFACTURER_PART_NUMBER";"MF";"MP";"MPN";"OC_FARNELL";"OC_NEWARK";"PACKAGE";"POPULARITY";"PRICE";"PROD_ID";"SPICEPREFIX";"TP_SIGNAL_NAME";"URL";"VALUE";"VENDOR";
"+5V";"TPPAD1-13";"TPPAD1-13";"P1-13";"Test pad";"";"";"";"";"";"";"";"";"";"";"";"12";"";"";"";"";"";"";"";
"-5V";"TPPAD1-13";"TPPAD1-13";"P1-13";"Test pad";"";"";"";"";"";"";"";"";"";"";"";"12";"";"";"";"";"";"";"";
"1V8";"TPPAD1-13";"TPPAD1-13";"P1-13";"Test pad";"";"";"";"";"";"";"";"";"";"";"";"12";"";"";"";"";"";"";"";
"3V3";"TPPAD1-13";"TPPAD1-13";"P1-13";"Test pad";"";"";"";"";"";"";"";"";"";"";"";"12";"";"";"";"";"";"";"";
"C1";"10pF";"C-USC0805";"C0805";"CAPACITOR, American symbol";"";"";"";"";"";"";"";"";"";"";"";"63";"";"";"C";"";"";"";"";
"C2";"100nF";"C-USC0805";"C0805";"CAPACITOR, American symbol";"";"";"";"";"";"";"";"";"";"";"";"63";"";"";"C";"";"";"";"";
"C3";"1.2nF";"C-USC0805";"C0805";"CAPACITOR, American symbol";"";"";"";"";"";"";"";"";"";"";"";"63";"";"";"C";"";"";"";"";
"C4";"8.2nF";"C-USC1206";"C1206";"CAPACITOR, American symbol";"";"";"";"";"";"";"";"";"";"";"";"24";"";"";"C";"";"";"";"";
"C5";"10uF";"C-USC1210";"C1210";"CAPACITOR, American symbol";"";"";"";"";"";"";"";"";"";"";"";"6";"";"";"C";"";"";"";"";
"C6";"47uF";"C-USC1210";"C1210";"CAPACITOR, American symbol";"";"";"";"";"";"";"";"";"";"";"";"6";"";"";"C";"";"";"";"";
"C7";"10uF";"C-USC0805";"C0805";"CAPACITOR, American symbol";"";"";"";"";"";"";"";"";"";"";"";"63";"";"";"C";"";"";"";"";
"C8";"100nF";"C-USC0805";"C0805";"CAPACITOR, American symbol";"";"";"";"";"";"";"";"";"";"";"";"63";"";"";"C";"";"";"";"";
"C9";"100nF";"C-USC0805";"C0805";"CAPACITOR, American symbol";"";"";"";"";"";"";"";"";"";"";"";"63";"";"";"C";"";"";"";"";
"C10";"22uF";"C-USC0805";"C0805";"CAPACITOR, American symbol";"";"";"";"";"";"";"";"";"";"";"";"63";"";"";"C";"";"";"";"";
"C11";"10uF";"C-USC0805";"C0805";"CAPACITOR, American symbol";"";"";"";"";"";"";"";"";"";"";"";"63";"";"";"C";"";"";"";"";
"C12";"100nF";"C-USC0805";"C0805";"CAPACITOR, American symbol";"";"";"";"";"";"";"";"";"";"";"";"63";"";"";"C";"";"";"";"";
"C13";"100nF";"C-USC0805";"C0805";"CAPACITOR, American symbol";"";"";"";"";"";"";"";"";"";"";"";"63";"";"";"C";"";"";"";"";
"C14";"22uF";"C-USC0805";"C0805";"CAPACITOR, American symbol";"";"";"";"";"";"";"";"";"";"";"";"63";"";"";"C";"";"";"";"";
"C15";"47uF";"CGA9N3X7R1_CGA9N3X7R1C476M230KB";"CGA9N3X7R1_CAP_5750";"";"";"";"";"";"CGA9N3X7R1C476M230KB";"";"";"";"";"";"";"";"";"";"";"";"";"";"TDK";
"C16";"22uF";"C-USC1210";"C1210";"CAPACITOR, American symbol";"";"";"";"";"";"";"";"";"";"";"";"6";"";"";"C";"";"";"";"";
"C17";"4.7uF";"C-USC0805";"C0805";"CAPACITOR, American symbol";"";"";"";"";"";"";"";"";"";"";"";"63";"";"";"C";"";"";"";"";
"C18";"2.2uF";"C-USC0805";"C0805";"CAPACITOR, American symbol";"";"";"";"";"";"";"";"";"";"";"";"63";"";"";"C";"";"";"";"";
"C19";"";"C-USC0805";"C0805";"CAPACITOR, American symbol";"";"";"";"";"";"";"";"";"";"";"";"63";"";"";"C";"";"";"";"";
"C20";"4.7uF";"C-USC0805";"C0805";"CAPACITOR, American symbol";"";"";"";"";"";"";"";"";"";"";"";"63";"";"";"C";"";"";"";"";
"C21";"33pF";"C-USC0805";"C0805";"CAPACITOR, American symbol";"";"";"";"";"";"";"";"";"";"";"";"63";"";"";"C";"";"";"";"";
"C22";"0.1uF";"NON_POL_0805/2012";"0805_H0.75";"";"";"";"";"";"";"";"";"";"";"";"";"";"";"";"";"";"";"";"";
"C23";"0.1uF";"NON_POL_0805/2012";"0805_H0.75";"";"";"";"";"";"";"";"";"";"";"";"";"";"";"";"";"";"";"";"";
"C24";"0.1uF";"NON_POL_0805/2012";"0805_H0.75";"";"";"";"";"";"";"";"";"";"";"";"";"";"";"";"";"";"";"";"";
"C25";"0.1uF";"NON_POL_0805/2012";"0805_H0.75";"";"";"";"";"";"";"";"";"";"";"";"";"";"";"";"";"";"";"";"";
"C26";"0.1uF";"NON_POL_0805/2012";"0805_H0.75";"";"";"";"";"";"";"";"";"";"";"";"";"";"";"";"";"";"";"";"";
"C27";"0.1uF";"NON_POL_0805/2012";"0805_H0.75";"";"";"";"";"";"";"";"";"";"";"";"";"";"";"";"";"";"";"";"";
"C28";"0.1uF";"NON_POL_0805/2012";"0805_H0.75";"";"";"";"";"";"";"";"";"";"";"";"";"";"";"";"";"";"";"";"";
"C29";"0.1uF";"NON_POL_0805/2012";"0805_H0.75";"";"";"";"";"";"";"";"";"";"";"";"";"";"";"";"";"";"";"";"";
"C30";"0.1uF";"NON_POL_0805/2012";"0805_H0.75";"";"";"";"";"";"";"";"";"";"";"";"";"";"";"";"";"";"";"";"";
"C31";"10uF";"NON_POL_0805/2012";"0805_H0.75";"";"";"";"";"";"";"";"";"";"";"";"";"";"";"";"";"";"";"";"";
"C32";"10nF";"NON_POL_0805/2012";"0805_H0.75";"";"";"";"";"";"";"";"";"";"";"";"";"";"";"";"";"";"";"";"";
"C33";"10nF";"NON_POL_0805/2012";"0805_H0.75";"";"";"";"";"";"";"";"";"";"";"";"";"";"";"";"";"";"";"";"";
"C34";"5.6uF";"NON_POL_0805/2012";"0805_H0.75";"";"";"";"";"";"";"";"";"";"";"";"";"";"";"";"";"";"";"";"";
"C35";"5.6uF";"NON_POL_0805/2012";"0805_H0.75";"";"";"";"";"";"";"";"";"";"";"";"";"";"";"";"";"";"";"";"";
"C36";"10nF";"NON_POL_0805/2012";"0805_H0.75";"";"";"";"";"";"";"";"";"";"";"";"";"";"";"";"";"";"";"";"";
"C37";"10nF";"NON_POL_0805/2012";"0805_H0.75";"";"";"";"";"";"";"";"";"";"";"";"";"";"";"";"";"";"";"";"";
"C38";"10nF";"NON_POL_0805/2012";"0805_H0.75";"";"";"";"";"";"";"";"";"";"";"";"";"";"";"";"";"";"";"";"";
"C39";"10nF";"NON_POL_0805/2012";"0805_H0.75";"";"";"";"";"";"";"";"";"";"";"";"";"";"";"";"";"";"";"";"";
"C40";"10nF";"NON_POL_0805/2012";"0805_H0.75";"";"";"";"";"";"";"";"";"";"";"";"";"";"";"";"";"";"";"";"";
"C41";"10nF";"NON_POL_0805/2012";"0805_H0.75";"";"";"";"";"";"";"";"";"";"";"";"";"";"";"";"";"";"";"";"";
"C42";"10nF";"NON_POL_0805/2012";"0805_H0.75";"";"";"";"";"";"";"";"";"";"";"";"";"";"";"";"";"";"";"";"";
"C43";"10nF";"NON_POL_0805/2012";"0805_H0.75";"";"";"";"";"";"";"";"";"";"";"";"";"";"";"";"";"";"";"";"";
"C44";"10nF";"NON_POL_0805/2012";"0805_H0.75";"";"";"";"";"";"";"";"";"";"";"";"";"";"";"";"";"";"";"";"";
"C45";"10nF";"NON_POL_0805/2012";"0805_H0.75";"";"";"";"";"";"";"";"";"";"";"";"";"";"";"";"";"";"";"";"";
"C46";"10nF";"NON_POL_0805/2012";"0805_H0.75";"";"";"";"";"";"";"";"";"";"";"";"";"";"";"";"";"";"";"";"";
"C47";"10nF";"NON_POL_0805/2012";"0805_H0.75";"";"";"";"";"";"";"";"";"";"";"";"";"";"";"";"";"";"";"";"";
"C48";"10nF";"NON_POL_0805/2012";"0805_H0.75";"";"";"";"";"";"";"";"";"";"";"";"";"";"";"";"";"";"";"";"";
"C49";"10nF";"NON_POL_0805/2012";"0805_H0.75";"";"";"";"";"";"";"";"";"";"";"";"";"";"";"";"";"";"";"";"";
"C50";"0.1uF";"NON_POL_0805/2012";"0805_H0.75";"";"";"";"";"";"";"";"";"";"";"";"";"";"";"";"";"";"";"";"";
"C51";"0.1uF";"NON_POL_0805/2012";"0805_H0.75";"";"";"";"";"";"";"";"";"";"";"";"";"";"";"";"";"";"";"";"";
"C52";"0.1uF";"NON_POL_0805/2012";"0805_H0.75";"";"";"";"";"";"";"";"";"";"";"";"";"";"";"";"";"";"";"";"";
"C53";"0.1uF";"NON_POL_0805/2012";"0805_H0.75";"";"";"";"";"";"";"";"";"";"";"";"";"";"";"";"";"";"";"";"";
"C54";"0.1uF";"NON_POL_0805/2012";"0805_H0.75";"";"";"";"";"";"";"";"";"";"";"";"";"";"";"";"";"";"";"";"";
"C55";"0.1uF";"NON_POL_0805/2012";"0805_H0.75";"";"";"";"";"";"";"";"";"";"";"";"";"";"";"";"";"";"";"";"";
"C56";"0.1uF";"NON_POL_0805/2012";"0805_H0.75";"";"";"";"";"";"";"";"";"";"";"";"";"";"";"";"";"";"";"";"";
"C57";"0.1uF";"NON_POL_0805/2012";"0805_H0.75";"";"";"";"";"";"";"";"";"";"";"";"";"";"";"";"";"";"";"";"";
"C58";"0.1uF";"NON_POL_0805/2012";"0805_H0.75";"";"";"";"";"";"";"";"";"";"";"";"";"";"";"";"";"";"";"";"";
"C59";"0.1uF";"NON_POL_0805/2012";"0805_H0.75";"";"";"";"";"";"";"";"";"";"";"";"";"";"";"";"";"";"";"";"";
"C60";"0.1uF";"NON_POL_0805/2012";"0805_H0.75";"";"";"";"";"";"";"";"";"";"";"";"";"";"";"";"";"";"";"";"";
"C61";"0.1uF";"NON_POL_0805/2012";"0805_H0.75";"";"";"";"";"";"";"";"";"";"";"";"";"";"";"";"";"";"";"";"";
"C62";"0.1uF";"NON_POL_0805/2012";"0805_H0.75";"";"";"";"";"";"";"";"";"";"";"";"";"";"";"";"";"";"";"";"";
"C63";"0.1uF";"NON_POL_0805/2012";"0805_H0.75";"";"";"";"";"";"";"";"";"";"";"";"";"";"";"";"";"";"";"";"";
"C64";"0.1uF";"NON_POL_0805/2012";"0805_H0.75";"";"";"";"";"";"";"";"";"";"";"";"";"";"";"";"";"";"";"";"";
"C65";"0.1uF";"NON_POL_0805/2012";"0805_H0.75";"";"";"";"";"";"";"";"";"";"";"";"";"";"";"";"";"";"";"";"";
"C66";"0.1uF";"NON_POL_0805/2012";"0805_H0.75";"";"";"";"";"";"";"";"";"";"";"";"";"";"";"";"";"";"";"";"";
"C67";"0.1uF";"NON_POL_0805/2012";"0805_H0.75";"";"";"";"";"";"";"";"";"";"";"";"";"";"";"";"";"";"";"";"";
"C68";"0.1uF";"NON_POL_0805/2012";"0805_H0.75";"";"";"";"";"";"";"";"";"";"";"";"";"";"";"";"";"";"";"";"";
"C69";"0.1uF";"NON_POL_0805/2012";"0805_H0.75";"";"";"";"";"";"";"";"";"";"";"";"";"";"";"";"";"";"";"";"";
"C70";"0.1uF";"NON_POL_0805/2012";"0805_H0.75";"";"";"";"";"";"";"";"";"";"";"";"";"";"";"";"";"";"";"";"";
"C71";"0.1uF";"NON_POL_0805/2012";"0805_H0.75";"";"";"";"";"";"";"";"";"";"";"";"";"";"";"";"";"";"";"";"";
"C72";"0.1uF";"NON_POL_0805/2012";"0805_H0.75";"";"";"";"";"";"";"";"";"";"";"";"";"";"";"";"";"";"";"";"";
"C73";"0.1uF";"NON_POL_0805/2012";"0805_H0.75";"";"";"";"";"";"";"";"";"";"";"";"";"";"";"";"";"";"";"";"";
"D1";"SBR80520LT3G";"SCHOTTKY_DIODE_SOD123";"SOD123";"";"";"";"";"";"";"";"";"";"";"";"";"";"";"";"";"";"";"";"";
"D2";"SBR80520LT3G";"SCHOTTKY_DIODE_SOD123";"SOD123";"";"";"";"";"";"";"";"";"";"";"";"";"";"";"";"";"";"";"";"";
"D3";"VS-50WQ04FNPBFDPAK-L";"VS-50WQ04FNPBFDPAK-L";"DPAK-L";"";"";"";"";"";"VS50WQ04FNPBF";"";"";"";"";"";"";"";"";"";"";"";"";"";"Vishay";
"D4";"GREEN";"LED-BLUE1206";"LED-1206";"Blue SMD LED";"";"";"";"";"";"";"";"";"";"";"";"";"";"DIO-09911";"";"";"";"BLUE";"";
"G1";"TPPAD1-13";"TPPAD1-13";"P1-13";"Test pad";"";"";"";"";"";"";"";"";"";"";"";"12";"";"";"";"";"";"";"";
"G2";"TPPAD1-13";"TPPAD1-13";"P1-13";"Test pad";"";"";"";"";"";"";"";"";"";"";"";"12";"";"";"";"";"";"";"";
"G3";"TPPAD1-13";"TPPAD1-13";"P1-13";"Test pad";"";"";"";"";"";"";"";"";"";"";"";"12";"";"";"";"";"";"";"";
"G4";"TPPAD1-13";"TPPAD1-13";"P1-13";"Test pad";"";"";"";"";"";"";"";"";"";"";"";"12";"";"";"";"";"";"";"";
"J1";"DCJ0202";"DCJ0202";"DCJ0202";"DC POWER JACK";"";"";"";"";"";"";"";"";"unknown";"unknown";"";"17";"";"";"";"";"";"";"";
"J2";"ZYBO_JF";"FEMALE_HEADER-2X6";"FEMALE_HEADER-2X6";"";"";"";"";"";"";"";"";"";"";"";"";"";"";"";"";"";"";"";"";
"J3";"ZYBO_JE";"FEMALE_HEADER-2X6";"FEMALE_HEADER-2X6";"";"";"";"";"";"";"";"";"";"";"";"";"";"";"";"";"";"";"";"";
"J4";"ZYBO_JD";"FEMALE_HEADER-2X6";"FEMALE_HEADER-2X6";"";"";"";"";"";"";"";"";"";"";"";"";"";"";"";"";"";"";"";"";
"J5";"ZYBO_JC";"FEMALE_HEADER-2X6";"FEMALE_HEADER-2X6";"";"";"";"";"";"";"";"";"";"";"";"";"";"";"";"";"";"";"";"";
"J6";"ZYBO_JB";"FEMALE_HEADER-2X6";"FEMALE_HEADER-2X6";"";"";"";"";"";"";"";"";"";"";"";"";"";"";"";"";"";"";"";"";
"J7";"A_XADC";"FEMALE_HEADER-2X6";"FEMALE_HEADER-2X6";"";"";"";"";"";"";"";"";"";"";"";"";"";"";"";"";"";"";"";"";
"J8";"SJ1-3523N";"SJ1-3523N";"CUI_SJ1-3523N";"3.5 mm Right-Angle Stereo Jack, 3 Pin PCB Mount, Non-Threaded";"Unavailable";"";"https://www.cuidevices.com/product/interconnect/connectors/audio-connectors/jacks/sj1-352xn-series?utm_source=snapeda.com&utm_medium=referral&utm_campaign=snapedaBOM";"3.5 mm, Stereo, Right Angle, Through Hole, Audio Jack Connector";"";"CUI Devices";"SJ1-3523N";"";"";"";"None";"";"None";"";"";"";"";"";"";
"J9";"Vin_HEADER";"CONN_02LOCK";"1X02_LOCK";"Multi connection point. Often used as Generic Header-pin footprint for 0.1 inch spaced/style header connections";"";"";"";"";"";"";"";"";"";"";"";"";"";"";"";"";"";"";"";
"J10";"Vout_HEADER";"CONN_02LOCK";"1X02_LOCK";"Multi connection point. Often used as Generic Header-pin footprint for 0.1 inch spaced/style header connections";"";"";"";"";"";"";"";"";"";"";"";"";"";"";"";"";"";"";"";
"J11";"5V0_SENSOR";"CONN_03LOCK";"1X03_LOCK";"Multi connection point. Often used as Generic Header-pin footprint for 0.1 inch spaced/style header connections";"";"";"";"";"";"";"";"";"";"";"";"";"";"";"";"";"";"";"";
"J12";"3V3_SENSOR";"CONN_03LOCK";"1X03_LOCK";"Multi connection point. Often used as Generic Header-pin footprint for 0.1 inch spaced/style header connections";"";"";"";"";"";"";"";"";"";"";"";"";"";"";"";"";"";"";"";
"J13";"1V8_SENSOR";"CONN_03LOCK";"1X03_LOCK";"Multi connection point. Often used as Generic Header-pin footprint for 0.1 inch spaced/style header connections";"";"";"";"";"";"";"";"";"";"";"";"";"";"";"";"";"";"";"";
"J14";"BRKOUT_JD";"FEMALE_HEADER-2X6";"FEMALE_HEADER-2X6";"";"";"";"";"";"";"";"";"";"";"";"";"";"";"";"";"";"";"";"";
"J15";"BRKOUT_JC";"FEMALE_HEADER-2X6";"FEMALE_HEADER-2X6";"";"";"";"";"";"";"";"";"";"";"";"";"";"";"";"";"";"";"";"";
"J16";"BRKOUT_JB";"FEMALE_HEADER-2X6";"FEMALE_HEADER-2X6";"";"";"";"";"";"";"";"";"";"";"";"";"";"";"";"";"";"";"";"";
"J17";"BRKOUT_JF";"FEMALE_HEADER-2X6";"FEMALE_HEADER-2X6";"";"";"";"";"";"";"";"";"";"";"";"";"";"";"";"";"";"";"";"";
"J18";"5V0_CONN";"CONN_03X2FEMALE";"2X3";"Multi connection point. Often used as Generic Header-pin footprint for 0.1 inch spaced/style header connections";"";"";"";"";"";"";"";"";"";"";"";"";"";"CONN-11566";"";"";"";"FEMALE 2x3";"";
"J19";"3V3_CONN";"CONN_03X2FEMALE";"2X3";"Multi connection point. Often used as Generic Header-pin footprint for 0.1 inch spaced/style header connections";"";"";"";"";"";"";"";"";"";"";"";"";"";"CONN-11566";"";"";"";"FEMALE 2x3";"";
"J20";"1V8_CONN";"CONN_03X2FEMALE";"2X3";"Multi connection point. Often used as Generic Header-pin footprint for 0.1 inch spaced/style header connections";"";"";"";"";"";"";"";"";"";"";"";"";"";"CONN-11566";"";"";"";"FEMALE 2x3";"";
"J21";"BRKOUT_JD";"FEMALE_HEADER-2X6";"FEMALE_HEADER-2X6";"";"";"";"";"";"";"";"";"";"";"";"";"";"";"";"";"";"";"";"";
"J22";"ZYBO_Power";"CONN_02LOCK";"1X02_LOCK";"Multi connection point. Often used as Generic Header-pin footprint for 0.1 inch spaced/style header connections";"";"";"";"";"";"";"";"";"";"";"";"";"";"";"";"";"";"";"";
"L1";"IHLP-3232DZ_IHLP3232DZER4R7M11";"IHLP-3232DZ_IHLP3232DZER4R7M11";"IHLP-3232DZ_IND_IHLP-3232DZ";"";"";"";"";"";"IHLP3232DZER4R7M11";"";"";"";"";"";"";"";"";"";"";"";"";"";"VISHAY";
"L2";"4.7uH";"LTF5022T";"IND_5022";"";"";"";"";"";"";"";"";"";"";"";"";"";"";"";"";"";"";"";"";
"L3";"2.2uH";"NLCV32T-2R2M-PFR";"IND_NLCV32TR";"";"";"";"";"";"NLCV32T2R2MPFR";"";"";"";"";"";"";"";"";"";"";"";"";"";"TDK";
"L4";"15uH";"IFSC-1515A_IFSC1515AHER150M01";"IFSC-1515A_IND_IFSC_1515AH";"";"";"";"";"";"IFSC1515AHER150M01";"";"";"";"";"";"";"";"";"";"";"";"";"";"VISHAY";
"R1";"";"R-US_R0805";"R0805";"RESISTOR, American symbol";"";"";"";"";"";"";"";"";"";"";"";"85";"";"";"R";"";"";"";"";
"R2";"";"R-US_R0805";"R0805";"RESISTOR, American symbol";"";"";"";"";"";"";"";"";"";"";"";"85";"";"";"R";"";"";"";"";
"R3";"";"R-US_R0805";"R0805";"RESISTOR, American symbol";"";"";"";"";"";"";"";"";"";"";"";"85";"";"";"R";"";"";"";"";
"R4";"30";"R-US_R0805";"R0805";"RESISTOR, American symbol";"";"";"";"";"";"";"";"";"";"";"";"85";"";"";"R";"";"";"";"";
"R5";"30.9k";"R-US_R0805";"R0805";"RESISTOR, American symbol";"";"";"";"";"";"";"";"";"";"";"";"85";"";"";"R";"";"";"";"";
"R6";"10k";"R-US_R0805";"R0805";"RESISTOR, American symbol";"";"";"";"";"";"";"";"";"";"";"";"85";"";"";"R";"";"";"";"";
"R7";"30";"R-US_R0805";"R0805";"RESISTOR, American symbol";"";"";"";"";"";"";"";"";"";"";"";"85";"";"";"R";"";"";"";"";
"R8";"12.4k";"R-US_R0805";"R0805";"RESISTOR, American symbol";"";"";"";"";"";"";"";"";"";"";"";"85";"";"";"R";"";"";"";"";
"R9";"10k";"R-US_R0805";"R0805";"RESISTOR, American symbol";"";"";"";"";"";"";"";"";"";"";"";"85";"";"";"R";"";"";"";"";
"R10";"1000k";"R-US_R0805";"R0805";"RESISTOR, American symbol";"";"";"";"";"";"";"";"";"";"";"";"85";"";"";"R";"";"";"";"";
"R11";"255k";"R-US_R0805";"R0805";"RESISTOR, American symbol";"";"";"";"";"";"";"";"";"";"";"";"85";"";"";"R";"";"";"";"";
"R12";"100k";"R-US_R0805";"R0805";"RESISTOR, American symbol";"";"";"";"";"";"";"";"";"";"";"";"85";"";"";"R";"";"";"";"";
"R13";"470";"R-US_R0805";"R0805";"RESISTOR, American symbol";"";"";"";"";"";"";"";"";"";"";"";"85";"";"";"R";"";"";"";"";
"R14";"4.7k";"SMD_0805";"0805";"";"";"";"";"";"";"";"";"";"";"";"";"";"";"";"";"";"";"";"";
"R15";"4.7k";"SMD_0805";"0805";"";"";"";"";"";"";"";"";"";"";"";"";"";"";"";"";"";"";"";"";
"R16";"10k";"SMD_0805";"0805";"";"";"DNU";"";"";"";"";"";"";"";"";"";"";"";"";"";"";"";"";"";
"R17";"10k";"SMD_0805";"0805";"";"";"DNU";"";"";"";"";"";"";"";"";"";"";"";"";"";"";"";"";"";
"R18";"10k";"SMD_0805";"0805";"";"";"";"";"";"";"";"";"";"";"";"";"";"";"";"";"";"";"";"";
"R19";"10k";"SMD_0805";"0805";"";"";"DNU";"";"";"";"";"";"";"";"";"";"";"";"";"";"";"";"";"";
"R20";"10k";"SMD_0805";"0805";"";"";"";"";"";"";"";"";"";"";"";"";"";"";"";"";"";"";"";"";
"R21";"10k";"SMD_0805";"0805";"";"";"DNU";"";"";"";"";"";"";"";"";"";"";"";"";"";"";"";"";"";
"R22";"10k";"SMD_0805";"0805";"";"";"";"";"";"";"";"";"";"";"";"";"";"";"";"";"";"";"";"";
"R23";"10k";"SMD_0805";"0805";"";"";"DNU";"";"";"";"";"";"";"";"";"";"";"";"";"";"";"";"";"";
"R24";"10k";"SMD_0805";"0805";"";"";"";"";"";"";"";"";"";"";"";"";"";"";"";"";"";"";"";"";
"R25";"10k";"SMD_0805";"0805";"";"";"DNU";"";"";"";"";"";"";"";"";"";"";"";"";"";"";"";"";"";
"R26";"10k";"SMD_0805";"0805";"";"";"";"";"";"";"";"";"";"";"";"";"";"";"";"";"";"";"";"";
"R27";"10k";"SMD_0805";"0805";"";"";"";"";"";"";"";"";"";"";"";"";"";"";"";"";"";"";"";"";
"R28";"10k";"SMD_0805";"0805";"";"";"DNU";"";"";"";"";"";"";"";"";"";"";"";"";"";"";"";"";"";
"R29";"10k";"SMD_0805";"0805";"";"";"";"";"";"";"";"";"";"";"";"";"";"";"";"";"";"";"";"";
"R30";"10k";"SMD_0805";"0805";"";"";"";"";"";"";"";"";"";"";"";"";"";"";"";"";"";"";"";"";
"R31";"10k";"SMD_0805";"0805";"";"";"DNU";"";"";"";"";"";"";"";"";"";"";"";"";"";"";"";"";"";
"R32";"10k";"SMD_0805";"0805";"";"";"DNU";"";"";"";"";"";"";"";"";"";"";"";"";"";"";"";"";"";
"R33";"10k";"SMD_0805";"0805";"";"";"";"";"";"";"";"";"";"";"";"";"";"";"";"";"";"";"";"";
"R34";"10k";"SMD_0805";"0805";"";"";"DNU";"";"";"";"";"";"";"";"";"";"";"";"";"";"";"";"";"";
"R35";"10k";"SMD_0805";"0805";"";"";"";"";"";"";"";"";"";"";"";"";"";"";"";"";"";"";"";"";
"R36";"10k";"SMD_0805";"0805";"";"";"DNU";"";"";"";"";"";"";"";"";"";"";"";"";"";"";"";"";"";
"R37";"10k";"SMD_0805";"0805";"";"";"";"";"";"";"";"";"";"";"";"";"";"";"";"";"";"";"";"";
"R38";"100k";"SMD_0805";"0805";"";"";"";"";"";"";"";"";"";"";"";"";"";"";"";"";"";"";"";"";
"R39";"470";"SMD_0805";"0805";"";"";"";"";"";"";"";"";"";"";"";"";"";"";"";"";"";"";"";"";
"R40";"470";"SMD_0805";"0805";"";"";"";"";"";"";"";"";"";"";"";"";"";"";"";"";"";"";"";"";
"R41";"100k";"SMD_0805";"0805";"";"";"";"";"";"";"";"";"";"";"";"";"";"";"";"";"";"";"";"";
"R42";"100k";"SMD_0805";"0805";"";"";"";"";"";"";"";"";"";"";"";"";"";"";"";"";"";"";"";"";
"R43";"10k";"SMD_0805";"0805";"";"";"";"";"";"";"";"";"";"";"";"";"";"";"";"";"";"";"";"";
"R44";"33k";"SMD_0805";"0805";"";"";"";"";"";"";"";"";"";"";"";"";"";"";"";"";"";"";"";"";
"R45";"100k";"SMD_0805";"0805";"";"";"";"";"";"";"";"";"";"";"";"";"";"";"";"";"";"";"";"";
"R46";"220";"SMD_0805";"0805";"";"";"";"";"";"";"";"";"";"";"";"";"";"";"";"";"";"";"";"";
"R47";"100k";"SMD_0805";"0805";"";"";"";"";"";"";"";"";"";"";"";"";"";"";"";"";"";"";"";"";
"R48";"100k";"SMD_0805";"0805";"";"";"";"";"";"";"";"";"";"";"";"";"";"";"";"";"";"";"";"";
"R49";"100k";"SMD_0805";"0805";"";"";"";"";"";"";"";"";"";"";"";"";"";"";"";"";"";"";"";"";
"R50";"91k";"SMD_0805";"0805";"";"";"";"";"";"";"";"";"";"";"";"";"";"";"";"";"";"";"";"";
"R51";"100k";"SMD_0805";"0805";"";"";"";"";"";"";"";"";"";"";"";"";"";"";"";"";"";"";"";"";
"R52";"100k";"SMD_0805";"0805";"";"";"";"";"";"";"";"";"";"";"";"";"";"";"";"";"";"";"";"";
"R53";"100k";"SMD_0805";"0805";"";"";"";"";"";"";"";"";"";"";"";"";"";"";"";"";"";"";"";"";
"R54";"100k";"SMD_0805";"0805";"";"";"";"";"";"";"";"";"";"";"";"";"";"";"";"";"";"";"";"";
"R55";"160k";"SMD_0805";"0805";"";"";"";"";"";"";"";"";"";"";"";"";"";"";"";"";"";"";"";"";
"R56";"100k";"SMD_0805";"0805";"";"";"";"";"";"";"";"";"";"";"";"";"";"";"";"";"";"";"";"";
"R57";"100k";"SMD_0805";"0805";"";"";"";"";"";"";"";"";"";"";"";"";"";"";"";"";"";"";"";"";
"R58";"100k";"SMD_0805";"0805";"";"";"";"";"";"";"";"";"";"";"";"";"";"";"";"";"";"";"";"";
"R59";"100k";"SMD_0805";"0805";"";"";"";"";"";"";"";"";"";"";"";"";"";"";"";"";"";"";"";"";
"R60";"50k";"SMD_0805";"0805";"";"";"";"";"";"";"";"";"";"";"";"";"";"";"";"";"";"";"";"";
"R61";"100k";"SMD_0805";"0805";"";"";"";"";"";"";"";"";"";"";"";"";"";"";"";"";"";"";"";"";
"R62";"100k";"SMD_0805";"0805";"";"";"";"";"";"";"";"";"";"";"";"";"";"";"";"";"";"";"";"";
"R63";"100k";"SMD_0805";"0805";"";"";"";"";"";"";"";"";"";"";"";"";"";"";"";"";"";"";"";"";
"R64";"100k";"SMD_0805";"0805";"";"";"";"";"";"";"";"";"";"";"";"";"";"";"";"";"";"";"";"";
"R65";"50k";"SMD_0805";"0805";"";"";"";"";"";"";"";"";"";"";"";"";"";"";"";"";"";"";"";"";
"R66";"100k";"SMD_0805";"0805";"";"";"";"";"";"";"";"";"";"";"";"";"";"";"";"";"";"";"";"";
"R67";"10k";"SMD_0805";"0805";"";"";"";"";"";"";"";"";"";"";"";"";"";"";"";"";"";"";"";"";
"R68";"10k";"SMD_0805";"0805";"";"";"DNU";"";"";"";"";"";"";"";"";"";"";"";"";"";"";"";"";"";
"R69";"10k";"SMD_0805";"0805";"";"";"DNU";"";"";"";"";"";"";"";"";"";"";"";"";"";"";"";"";"";
"R70";"10k";"SMD_0805";"0805";"";"";"";"";"";"";"";"";"";"";"";"";"";"";"";"";"";"";"";"";
"R71";"10k";"SMD_0805";"0805";"";"";"";"";"";"";"";"";"";"";"";"";"";"";"";"";"";"";"";"";
"R72";"10k";"SMD_0805";"0805";"";"";"DNU";"";"";"";"";"";"";"";"";"";"";"";"";"";"";"";"";"";
"R73";"10k";"SMD_0805";"0805";"";"";"DNU";"";"";"";"";"";"";"";"";"";"";"";"";"";"";"";"";"";
"R74";"10k";"SMD_0805";"0805";"";"";"";"";"";"";"";"";"";"";"";"";"";"";"";"";"";"";"";"";
"R75";"10k";"SMD_0805";"0805";"";"";"";"";"";"";"";"";"";"";"";"";"";"";"";"";"";"";"";"";
"R76";"10k";"SMD_0805";"0805";"";"";"DNU";"";"";"";"";"";"";"";"";"";"";"";"";"";"";"";"";"";
"R77";"10k";"SMD_0805";"0805";"";"";"DNU";"";"";"";"";"";"";"";"";"";"";"";"";"";"";"";"";"";
"R78";"10k";"SMD_0805";"0805";"";"";"";"";"";"";"";"";"";"";"";"";"";"";"";"";"";"";"";"";
"R79";"18k";"SMD_0805";"0805";"";"";"";"";"";"";"";"";"";"";"";"";"";"";"";"";"";"";"";"";
"R80";"1.8k";"SMD_0805";"0805";"";"";"";"";"";"";"";"";"";"";"";"";"";"";"";"";"";"";"";"";
"R81";"18k";"SMD_0805";"0805";"";"";"";"";"";"";"";"";"";"";"";"";"";"";"";"";"";"";"";"";
"R82";"2k";"SMD_0805";"0805";"";"";"";"";"";"";"";"";"";"";"";"";"";"";"";"";"";"";"";"";
"R83";"1.8k";"SMD_0805";"0805";"";"";"";"";"";"";"";"";"";"";"";"";"";"";"";"";"";"";"";"";
"R84";"18k";"SMD_0805";"0805";"";"";"";"";"";"";"";"";"";"";"";"";"";"";"";"";"";"";"";"";
"R85";"10k";"SMD_0805";"0805";"";"";"";"";"";"";"";"";"";"";"";"";"";"";"";"";"";"";"";"";
"U1";"TPS54531DDARDDA8_3P1X2P4-L";"TPS54531DDARDDA8_3P1X2P4-L";"DDA8_3P1X2P4-L";"";"";"";"";"";"TPS54531DDAR";"";"";"";"";"";"";"";"";"";"";"";"";"";"Texas Instruments";
"U3";"TPS56339";"TPS56339";"TSOT23-6_DDC";"";"";"";"";"";"";"";"";"";"";"";"";"";"";"";"";"";"";"";"";
"U4";"TPS56339";"TPS56339";"TSOT23-6_DDC";"";"";"";"";"";"";"";"";"";"";"";"";"";"";"";"";"";"";"";"";
"U5";"LM43601PWPR";"LM43601PWPR";"PWP16";"";"";"";"";"";"LM43601PWPR";"";"";"";"";"";"";"";"";"";"";"";"";"";"Texas Instruments";
"U6";"X9258_A";"X9258_SOIC";"SOIC127P1030X250-25T200X300";"";"";"";"";"";"";"";"";"";"";"";"";"";"";"";"";"";"";"X9258";"";
"U7";"X925_B";"X9258_SOIC";"SOIC127P1030X250-25T200X300";"";"";"";"";"";"";"";"";"";"";"";"";"";"";"";"";"";"";"X9258";"";
"U8";"X9258_C";"X9258_SOIC";"SOIC127P1030X250-25T200X300";"";"";"";"";"";"";"";"";"";"";"";"";"";"";"";"";"";"";"X9258";"";
"U9";"X9258_D";"X9258_SOIC";"SOIC127P1030X250-25T200X300";"";"";"";"";"";"";"";"";"";"";"";"";"";"";"";"";"";"";"X9258";"";
"U10";"CD74HCT4051";"CD74HCT4051";"SOIC127P600X144-16";"TI 8x1 analog multiplexer/demultiplexer.";"";"";"";"";"";"";"";"";"";"";"";"";"";"";"";"";"";"CD74HCT4051";"";
"U11";"CD74HCT4051";"CD74HCT4051";"SOIC127P600X144-16";"TI 8x1 analog multiplexer/demultiplexer.";"";"";"";"";"";"";"";"";"";"";"";"";"";"";"";"";"";"CD74HCT4051";"";
"U12";"OPA4197";"OPA4197_SOIC14";"SOIC127P600X144-14";"";"";"";"";"";"";"";"";"";"";"";"";"";"";"";"";"";"";"OPA4197";"";
"U13";"OPA4197";"OPA4197_SOIC14";"SOIC127P600X144-14";"";"";"";"";"";"";"";"";"";"";"";"";"";"";"";"";"";"";"OPA4197";"";
"U14";"OPA4197";"OPA4197_SOIC14";"SOIC127P600X144-14";"";"";"";"";"";"";"";"";"";"";"";"";"";"";"";"";"";"";"OPA4197";"";
"U15";"OPA4197";"OPA4197_SOIC14";"SOIC127P600X144-14";"";"";"";"";"";"";"";"";"";"";"";"";"";"";"";"";"";"";"OPA4197";"";
"U16";"OPA4197";"OPA4197_SOIC14";"SOIC127P600X144-14";"";"";"";"";"";"";"";"";"";"";"";"";"";"";"";"";"";"";"OPA4197";"";
"U17";"CD74HCT4053";"CD74HCT4053_SOIC16";"SOIC127P600X144-16";"TI 3 2x1 analog multiplexer/demultiplexer.";"";"";"";"";"";"";"";"";"";"";"";"";"";"";"";"";"";"CD74HCT4053";"";
"U18";"CD74HCT4051";"CD74HCT4051";"SOIC127P600X144-16";"TI 8x1 analog multiplexer/demultiplexer.";"";"";"";"";"";"";"";"";"";"";"";"";"";"";"";"";"";"CD74HCT4051";"";
"U19";"OPA2197";"OPA2197";"SO08";"";"";"";"";"";"";"";"";"";"";"";"";"";"";"";"";"";"";"";"";
